{
  "file": "test_decay_doc.md",
  "fragments_before": 111,
  "fragments_after": 100,
  "ranked_ids": [
    "56f6a682",
    "frag_0",
    "frag_1",
    "frag_2",
    "frag_3",
    "frag_4",
    "frag_5",
    "frag_6",
    "frag_7",
    "frag_8",
    "frag_9",
    "frag_10",
    "frag_11",
    "frag_12",
    "frag_13",
    "frag_14",
    "frag_15",
    "frag_16",
    "frag_17",
    "frag_18",
    "frag_19",
    "frag_20",
    "frag_21",
    "frag_22",
    "frag_23",
    "frag_24",
    "frag_25",
    "frag_26",
    "frag_27",
    "frag_28",
    "frag_29",
    "frag_30",
    "frag_31",
    "frag_32",
    "frag_33",
    "frag_34",
    "frag_35",
    "frag_36",
    "frag_37",
    "frag_38",
    "frag_39",
    "frag_40",
    "frag_41",
    "frag_42",
    "frag_43",
    "frag_44",
    "frag_45",
    "frag_46",
    "frag_47",
    "frag_48",
    "frag_49",
    "frag_50",
    "frag_51",
    "frag_52",
    "frag_53",
    "frag_54",
    "frag_55",
    "frag_56",
    "frag_57",
    "frag_58",
    "frag_59",
    "frag_60",
    "frag_61",
    "frag_62",
    "frag_63",
    "frag_64",
    "frag_65",
    "frag_66",
    "frag_67",
    "frag_68",
    "frag_69",
    "frag_70",
    "frag_71",
    "frag_72",
    "frag_73",
    "frag_74",
    "frag_75",
    "frag_76",
    "frag_77",
    "frag_78",
    "frag_79",
    "frag_80",
    "frag_81",
    "frag_82",
    "frag_83",
    "frag_84",
    "frag_85",
    "frag_86",
    "frag_87",
    "frag_88",
    "frag_89",
    "frag_90",
    "frag_91",
    "frag_92",
    "frag_93",
    "frag_94",
    "frag_95",
    "frag_96",
    "frag_97",
    "frag_98"
  ],
  "decay_scores": [
    0.999999999284965,
    0.9999999586944235,
    0.9231163082567829,
    0.852143753767921,
    0.7866278285744361,
    0.7261490070796863,
    0.6703200183476834,
    0.6187833662469362,
    0.5712090402546952,
    0.5272924022629311,
    0.48675223585438915,
    0.4493289455574297,
    0.4147828945487341,
    0.3828928701595007,
    0.3534546673591308,
    0.3262797811458645,
    0.3011941994712015,
    0.27803728896870317,
    0.25666076635203455,
    0.2369277488956841,
    0.21871187791819421,
    0.20189650965520337,
    0.18637396834112543,
    0.17204485671663824,
    0.15881741954687537,
    0.14660695607466506,
    0.13533527764651082,
    0.124930207038268,
    0.11532511627449192,
    0.10645849998192292,
    0.09827358154511441,
    0.09071794954225512,
    0.08374322213313376,
    0.07730473725018289,
    0.07136126660876768,
    0.06587475170540825,
    0.06081006011342326,
    0.05613476051545497,
    0.051818915032315595,
    0.04783488751835069,
    0.044157166595755575,
    0.04076220229465988,
    0.037628255252919365,
    0.03473525750997866,
    0.03206468400341046,
    0.02959943394527027,
    0.027323721318670457,
    0.0252229737933777,
    0.023283739413148683,
    0.021493600457284323,
    0.019841093924822428,
    0.018315638132196152,
    0.016907464954332655,
    0.015607557275303649,
    0.014407591247998472,
    0.01329988299308442,
    0.012277339395945842,
    0.01133341268653423,
    0.010462058511285425,
    0.009657697228621006,
    0.00891517818019296,
    0.008229746709085582,
    0.007597013713778521,
    0.007012927542912395,
    0.006473748050887497,
    0.005976022648162871,
    0.005516564192895896,
    0.0050924305823534044,
    0.004700905913409642,
    0.00433948309149404,
    0.004005847776626561,
    0.0036978635637405386,
    0.00341355830239643,
    0.0031511114682859593,
    0.002908842505661162,
    0.0026852000660400784,
    0.0024787520742800702,
    0.002288176558407713,
    0.0021122531844848746,
    0.0019498554423052136,
    0.001799943431882888,
    0.001661557204542354,
    0.0015338106159695298,
    0.0014158856518628274,
    0.0013070271898488733,
    0.0012065381641212837,
    0.0011137751018396784,
    0.0010281440027066471,
    0.0009490965353378913,
    0.0008761265260693287,
    0.0008087667177175343,
    0.0007465857775385218,
    0.0006891855352255864,
    0.0006361984332599614,
    0.0005872851732878375,
    0.0005421325434525107,
    0.0005004514127691758,
    0.0004619748796995117,
    0.0004264565630706188,
    0.0003936690243943515
  ],
  "decay_lambda": 0.08
}