{
  "Falcon-7B-Quant": {
    "ttft_ms": 123.71420900126395,
    "tps": 18.09040579041718,
    "tokens": 68,
    "total_time_s": 3.827334834000794
  },
  "Llama-3-8B-Quant": {
    "ttft_ms": 51.24779099969601,
    "tps": 19.271699755733028,
    "tokens": 129,
    "total_time_s": 6.69311133300107
  }
}